<?xml version="1.0" encoding="UTF-8" standalone="yes" ?>
<ttplayer 
	version="5.0.2">
	<Player 
		PlayerWnd="1220,390,1530,576" 
		PlayerWnd2="100,0,200,20" 
		LyricWnd="910,576,1220,762" 
		LyricWnd2="0,0,0,0" 
		EqualizerWnd="1220,562,1530,662" 
		PlayListWnd="1220,576,1530,992" 
		MiniMode="0" 
		TopMost="0" 
		LyricTopMost="0" 
		LyricVisible="0" 
		EqualizerVisible="0" 
		PlayListVisible="1" 
		TopMost2="1" 
		LyricTopMost2="0" 
		LyricVisible2="1" 
		OpaqueWhenActive="0" 
		AlphaPercent="0" 
		WindowShadow="0" 
		PlayMode="2" 
		AutoSwitchList="0" 
		PlayFollowCursor="0" 
		PlayLists="1" 
		ActiveList="0" 
		PlayingTime="0" 
		PlayingFileName="" 
		PlayingFileSubTrack="0" 
		Mute="0" 
		Volume="100" 
		Balance="0" 
		ShowElapsedTime="1" 
		UserWord="" 
		UserWordMD5=""
	/>
	<General 
		StartupMinimize="0" 
		TrayIcon="1" 
		Fade_Windows="1" 
		ShowHotKeyInTips="1" 
		TipsOnOpen="0" 
		MenuTips="1" 
		MenuBarPlayList="0" 
		ScrollTitle="1" 
		SendTitleToMSN="1" 
		Snap_Windows="65546" 
		TitleSlideInterval="65541" 
		CheckUpdateDays="-1" 
		LastMessageVer="131336193" 
		LastCheckedDay="151445" 
		AutoShutDown="0" 
		ShutDownTime="00:00:00" 
		ClearListOnCmd="0" 
		DefaultListOnCmd="1" 
		strDefaultList="[默认]" 
		AppIconFile="" 
		MP3ReadTagPriority="67633152" 
		MP3WriteTagType="5" 
		MP3ID3v2Encoding="0" 
		MP3ID3v2Padding="1"
	/>
	<Playback 
		AutoPlay="1" 
		ContinuePlay="0" 
		StopWhenFail="0" 
		TracksInterval="0" 
		ThreadPriority="15" 
		FileBuffer="16384" 
		SoundFadeMode="15" 
		FadeDuration="300,500,800,800" 
		TrackFadeDur="5000" 
		AutoGain="0" 
		AutoScanGain="0" 
		SkipScanGain="0"
	/>
	<Device 
		DeviceType="{DEF00000-9C6D-47ED-AAF1-4DDA8F2B5C03}" 
		OutputBits="16" 
		BufferDuration="1000" 
		HardwareBuffer="1" 
		CreatePrimary="0" 
		ResampleRate="0" 
		SsrcMode="1" 
		Dither="0"
	/>
	<HotKey 
		Global="0" 
		KeyMap_Count="51" 
		KeyMap_0="57664:a(112,0),g(0,0)" 
		KeyMap_1="32100:a(113,0),g(0,0)" 
		KeyMap_2="32101:a(114,0),g(0,0)" 
		KeyMap_3="32102:a(115,0),g(0,0)" 
		KeyMap_4="32000:a(116,0),g(116,6)" 
		KeyMap_5="32002:a(117,0),g(117,6)" 
		KeyMap_6="32003:a(118,0),g(118,6)" 
		KeyMap_7="32004:a(119,0),g(119,6)" 
		KeyMap_8="32005:a(37,10),g(37,14)" 
		KeyMap_9="32006:a(39,10),g(39,14)" 
		KeyMap_10="32010:a(38,10),g(38,14)" 
		KeyMap_11="32011:a(40,10),g(40,14)" 
		KeyMap_12="32007:a(83,10),g(83,14)" 
		KeyMap_13="32008:a(68,10),g(68,14)" 
		KeyMap_14="32009:a(85,10),g(85,14)" 
		KeyMap_15="32103:a(73,10),g(0,0)" 
		KeyMap_16="57601:a(79,10),g(0,0)" 
		KeyMap_17="57602:a(67,12),g(0,0)" 
		KeyMap_18="32300:a(69,10),g(0,0)" 
		KeyMap_19="32521:a(70,10),g(0,0)" 
		KeyMap_20="32522:a(80,10),g(0,0)" 
		KeyMap_21="32525:a(0,0),g(0,0)" 
		KeyMap_22="32580:a(0,0),g(0,0)" 
		KeyMap_23="32588:a(0,0),g(0,0)" 
		KeyMap_24="32212:a(77,10),g(77,6)" 
		KeyMap_25="32213:a(87,12),g(87,6)" 
		KeyMap_26="32215:a(84,12),g(84,6)" 
		KeyMap_27="1033:a(86,12),g(86,6)" 
		KeyMap_28="2151:a(66,12),g(66,6)" 
		KeyMap_29="32569:a(0,0),g(0,0)" 
		KeyMap_30="32570:a(0,0),g(0,0)" 
		KeyMap_31="32571:a(74,10),g(0,0)" 
		KeyMap_32="32815:a(76,10),g(76,6)" 
		KeyMap_33="32813:a(0,0),g(0,0)" 
		KeyMap_34="32812:a(0,0),g(0,0)" 
		KeyMap_35="32804:a(0,0),g(0,0)" 
		KeyMap_36="32814:a(0,0),g(0,0)" 
		KeyMap_37="32805:a(0,0),g(0,0)" 
		KeyMap_38="32806:a(0,0),g(0,0)" 
		KeyMap_39="32807:a(0,0),g(0,0)" 
		KeyMap_40="32808:a(0,0),g(0,0)" 
		KeyMap_41="32809:a(0,0),g(0,0)" 
		KeyMap_42="32810:a(0,0),g(0,0)" 
		KeyMap_43="32811:a(0,0),g(0,0)" 
		KeyMap_44="32820:a(0,0),g(0,0)" 
		KeyMap_45="32821:a(0,0),g(0,0)" 
		KeyMap_46="32840:a(120,0),g(0,0)" 
		KeyMap_47="32841:a(121,0),g(0,0)" 
		KeyMap_48="32842:a(46,10),g(0,0)" 
		KeyMap_49="32230:a(70,12),g(70,6)" 
		KeyMap_50="57665:a(88,12),g(0,0)"
	/>
	<Visual 
		SpectrumTopColor="#71cdfd" 
		SpectrumBtmColor="#71cdfd" 
		SpectrumMidColor="#4c5fd1" 
		SpectrumPeakColor="#4c5fd1" 
		SpectrumWide="1" 
		BlurSpeed="3" 
		Blur="1" 
		TextColor="#c1aafd" 
		Font="-12,0,0,0,400,0,0,0,1,0,0,4,0,Microsoft YaHei UI" 
		BlurScopeColor="#4c5fd1" 
		Type="2" 
		FramesPerSec="25"
	/>
	<FullScreen 
		VisualType="1" 
		PosRelationAll="0" 
		LrcSizeAll="2" 
		PosRelationGoom="1" 
		LrcSizeGoom="2" 
		PosRelationSpectrum="0" 
		LrcSizeSpectrum="2" 
		PosRelationBlurScope="1" 
		LrcSizeBlurScope="2"
	/>
	<Lyric 
		Font="-12,0,0,0,400,0,0,0,1,0,0,4,0,Microsoft YaHei UI" 
		TextColor="#7578ab" 
		HilightColor="#e8e8e8" 
		BkgndColor="#252639" 
		ScrollMode="0" 
		ScrollMode2="1" 
		CharSet="0" 
		TextAlign="1" 
		RowInterval="4" 
		FadeIndex="10" 
		FadeHilight="1" 
		KaraokeMode="0" 
		Transparent="0" 
		TransSkin="1" 
		ScrollModeFS="0" 
		TextAlignFS="1" 
		RowIntervalFS="4" 
		FadeIndexFS="10" 
		FadeHilightFS="1" 
		KaraokeModeFS="0" 
		TransparentFS="0" 
		AutoFontFS="1" 
		FontFS="60,0,0,0,400,0,0,0,1,0,0,4,0,Microsoft YaHei UI" 
		TextColorFS="#0080c0" 
		HilightColorFS="#00ff00" 
		BkgndColorFS="#000000" 
		AutoLoadLyric="1" 
		AutoSaveLyricTag="0" 
		DontLoadLyricTag="0" 
		AutoVisible="0" 
		AutoWidth="1" 
		AutoWidthOnlyVert="1" 
		DragLyric="1" 
		MouseWheelAdjust="0" 
		SaveCompress="0" 
		TrimSpaces="1" 
		LyricSaveMode="1" 
		AddInIndex="0" 
		AutoDownLoad="0" 
		DownLoadWhenFullInfo="0" 
		AutoAssociate="0" 
		AutoSelectDownload="0" 
		OverWrite="0" 
		SameFileTitle="0" 
		SaveToSoundFolder="0" 
		NewLineAfterTag="1" 
		Folders_Count="2" 
		Folders_0="&lt;Sound Folder&gt;" 
		Folders_1="&lt;Lyrics Download Folder&gt;"
	/>
	<PlayList 
		Font="-12,0,0,0,400,0,0,0,1,0,0,4,0,Microsoft YaHei UI" 
		Color_Text="#7578ab" 
		Color_Hilight="#e8e8e8" 
		Color_Bkgnd="#2a2b3f" 
		Color_Number="#7578ab" 
		Color_Duration="#7578ab" 
		Color_Select="#db49a2" 
		Color_Bkgnd2="#242639" 
		LibraryMode="0" 
		ItemTips="1" 
		DisableDelFile="1" 
		EnableDragDrop="1" 
		ReadInfoMode="0" 
		TitleNumber="1" 
		IgnoreBadFiles="0" 
		SaveRelativePath="1" 
		SaveTags="0" 
		TagFormat="1" 
		TagTitleFormat="%A - %T" 
		DefTitleFormat="%F"
	/>
	<Library 
		Enabled="0" 
		PlayingCatalog="" 
		MonitorDir="0" 
		Directories_Count="0" 
		MaxItemCount="0"
	/>
	<Network 
		Proxy_Type="1" 
		Proxy_Server="" 
		Proxy_Port="0" 
		Proxy_UserName="" 
		Proxy_Password="" 
		FreedbAutoQuery="1" 
		ShowInfoWhenFail="1" 
		ServerList_Count="0"
	/>
	<Convert 
		WriterIndex="0" 
		OutputBits="0" 
		ResampleRate="0" 
		ReplayGain="0" 
		Equalizer="0" 
		Surround="0" 
		Folder="C:\" 
		SaveMode="1" 
		AddNumber="0" 
		AddToPlayList="0" 
		ThreadPriority="0"
	/>
	<Equalizer 
		Profile="-2" 
		ProfileLast="-1" 
		Surround="0" 
		Custom="0:0,0,0,0,0,0,0,0,0,0" 
		Current="0:0,0,0,0,0,0,0,0,0,0"
	/>
	<Skin 
		PackageName="&lt;Default_Skin&gt;"
	/>
	<Plugin 
		Modules_Count="0"
	/>
</ttplayer>
